# Deshabilita las comprobaciones de claves foráneas para evitar errores al crear tablas
set foreign_key_checks = 0;

-- Las contraseñas son las mismas que el nombre de usuario, pero encriptadas con BCrypt.
insert into users (id,
                   national_id,
                   name,
                   last_name,
                   phone_number,
                   email,
                   username,
                   password,
                   enabled,
                   account_non_expired,
                   account_non_locked,
                   credentials_non_expired,
                   affiliation_status)

-- Administrador del sistema (1)
values (1,
        45896231,
        'Admin',
        'Admin',
        3207108160,
        'admin@gmail.com',
        'admin',
        '$2a$12$xT9mj6/iXPRMxBBVahsYSOmgUIGyTaKOdNvnHSj/ILOlnkee.UODK',
        true,
        true,
        true,
        true,
        'ACTIVE'),

       -- Administradores de clubes (5)
       (2,
        362417890,
        'Alexa',
        'Rodríguez Hernández',
        3156765546,
        'alexarh23@gmail.com',
        'alexarh23',
        '$2a$12$sukFVnISeTUQfoC8dSq3o.B7Dx/bNbaB8o0RG80HzZGX2aGoBFC2e',
        true,
        true,
        true,
        true,
        'ACTIVE'),

       (3,
        2825369181,
        'Jane',
        'Doe',
        3125467789,
        'janedoe23@gmail.com',
        'janedoe23',
        '$2a$12$zP1ULlAY5njAOe/PhuwDMOsqVsld/VVY.xQP7KpFK3MZNUpHiZOnS',
        true,
        true,
        true,
        true,
        'ACTIVE'),

       (4,
        915720836,
        'John',
        'Smith',
        3143456789,
        'johnsmith13@gmail.com',
        'johnsmith13',
        '$2a$12$Mo9UIrlHjSCgqO25LoErbOUb9rF5L7ROsbbxGOP/vxd07ovTFx7yC',
        true,
        true,
        true,
        true,
        'ACTIVE'),

       (5,
        1038475920,
        'Emily',
        'Johnson',
        3135551234,
        'emilyjohnson32@gmail.com',
        'emilyjohnson32',
        '$2a$12$HRxXsOwG7gvJE4d5GO6oc.0b.k4DZbASzH5dNdf2syVNhs6JPxP/G',
        true,
        true,
        true,
        true,
        'ACTIVE'),

       (6,
        837465219,
        'Carlos',
        'Gómez',
        3101234567,
        'carlosgomez@gmail.com',
        'carlosgomez',
        '$2a$12$t9HxJCj/mlUcR4ADzweHAOxYwBqeHL/0QXejDUyAY5hvZiyylWT42',
        true,
        true,
        true,
        true,
        'ACTIVE'),

       -- Entrenadores (5)
       (7,
        5728094631,
        'María',
        'Pérez',
        3112345678,
        'mariaperez@gmail.com',
        'mariaperez',
        '$2a$12$gboLs3R3sPceHsMiu/z2KuEUE2.TGr4Rzoi16zdn1Viq6dB5ds9Oq',
        true,
        true,
        true,
        true,
        'ACTIVE'),

       (8,
        14738295,
        'Luis',
        'Martínez',
        3123456789,
        'luismartinez@gmail.com',
        'luismartinez',
        '$2a$12$uY3w8n9LPi0QcZX5WVA0LuYy6xJaYuLaIjUZ3l4hs2j3de0595aA.',
        true,
        true,
        true,
        true,
        'ACTIVE'),

       (9,
        803126547,
        'Ana',
        'López',
        3134567890,
        'analopez@gmail.com',
        'analopez',
        '$2a$12$ovK99s5AM9Lta04X2HCSPOJDh/DbC0Fl6cOQDz6atg6uxc.mm9TKy',
        true,
        true,
        true,
        true,
        'ACTIVE'),

       (10,
        926147308,
        'Jorge',
        'Hernández',
        3145678901,
        'jorgehernandez@gmail.com',
        'jorgehernandez',
        '$2a$12$1Z5y7DT2e1.t5a9lyQfeiOxRKUAptHbOKCF.jSMS90Y3um4ZQ18ya',
        true,
        true,
        true,
        true,
        'ACTIVE'),

       (11,
        582631749,
        'Sofía',
        'Ramírez',
        3156789012,
        'sofiaramirez@gmail.com',
        'sofiaramirez',
        '$2a$12$9u75clDPiMUQ0lX.0mPhWuMfwKMf/PMOT0OnNhn9b542oBoyGznIG',
        true,
        true,
        true,
        true,
        'ACTIVE'),

       -- Jugadores (15)
       (12,
        719836542,
        'Diego',
        'Torres',
        3167890123,
        'diegotorres@gmail.com',
        'diegotorres',
        '$2a$12$jE8QgClI20/5YOJJXJAI3eLGLciCzO8kMNjKrTpDi0OcD02P1fuxi',
        true,
        true,
        true,
        true,
        'ACTIVE'),

       (13,
        2093471568,
        'Laura',
        'Vargas',
        3178901234,
        'lauravargas@gmail.com',
        'lauravargas',
        '$2a$12$6.FSg/k.vRcaT1RrndM0WODZzz/D9./3hA7L0HAh9zcdHftb2udIO',
        true,
        true,
        true,
        true,
        'ACTIVE'),

       (14,
        17348596,
        'Andrés',
        'Castro',
        3189012345,
        'andrescastro@gmail.com',
        'andrescastro',
        '$2a$12$1qrCeiEg7TPwFvPnBzSLn.ufvZfQWPDJDhbdHD1dw2aJHX5k5U.me',
        true,
        true,
        true,
        true,
        'ACTIVE'),

       (15,
        369285147,
        'Paula',
        'Morales',
        3190123456,
        'paulamorales@gmail.com',
        'paulamorales',
        '$2a$12$RgN4BgevHegbBR8PF/GQiuGZma8EkQesH7NBJEKmgwdEVpTkKk5dK',
        true,
        true,
        true,
        true,
        'ACTIVE'),

       (16,
        1284759635,
        'Ricardo',
        'Rojas',
        3201234567,
        'ricardorojas@gmail.com',
        'ricardorojas',
        '$2a$12$FWkEkLpskzdySS3cKRC30e2F5leedbXu9rkUPsOvGSZoWe.AOcP2.',
        true,
        true,
        true,
        true,
        'ACTIVE'),

       (17,
        684295137,
        'Valeria',
        'Cruz',
        3212345678,
        'valeriacruz@gmail.com',
        'valeriacruz',
        '$2a$12$u440miFxH8CEc6jteBYYBOV/fZeCJO6W2k5o4vVl66bOwJ0dylyja',
        true,
        true,
        true,
        true,
        'ACTIVE'),

       (18,
        83719526,
        'Fernando',
        'Mendoza',
        3223456789,
        'fernandomendoza@gmail.com',
        'fernandomendoza',
        '$2a$12$7kilkzszTdhL.A/H980nzOaH/v1J7jSFDLT93nwHTFSPpmSrFXY3q',
        true,
        true,
        true,
        true,
        'ACTIVE'),

       (19,
        9041236572,
        'Camila',
        'Ortiz',
        3234567890,
        'camilaortiz@gmail.com',
        'camilaortiz',
        '$2a$12$U7Bvwfe7R/mlLGHLuNHU6.1oPjQ9FVQHkB3GgUwxsPL6KgEXkOUkG',
        true,
        true,
        true,
        true,
        'ACTIVE'),

       (20,
        593718246,
        'Sebastián',
        'Reyes',
        3245678901,
        'sebastianreyes@gmail.com',
        'sebastianreyes',
        '$2a$12$rPwgshdH9fXc8n.Q4CzwK.cjUUyjLk8ZitA603dEaHlgB8ysMqh92',
        true,
        true,
        true,
        true,
        'ACTIVE'),

       (21,
        781946523,
        'Isabella',
        'Silva',
        3256789012,
        'isabellasilva@gmail.com',
        'isabellasilva',
        '$2a$12$fVTkJOW2l5.nvDPMyt3l/OZ2fndEgEmY79/ufLPLpZdCvCj3ha2iq',
        true,
        true,
        true,
        true,
        'ACTIVE'),

       (22,
        3487521695,
        'Mateo',
        'García',
        3267890123,
        'mateogarcia@gmail.com',
        'mateogarcia',
        '$2a$12$d3PQ8aLP14o84fUUa2qesO/bL4JVbv3oUl9g/Ltp8oFuZTX.P0Bbe',
        true,
        true,
        true,
        true,
        'ACTIVE'),

       (23,
        208945631,
        'Daniela',
        'Navarro',
        3278901234,
        'danielanavarro@gmail.com',
        'danielanavarro',
        '$2a$12$epD8Bm1COET/a4ph8hqjj.fErLjsB2Lj4s4L.LvTnUrhM.tPyQE5W',
        true,
        true,
        true,
        true,
        'ACTIVE'),

       (24,
        618473025,
        'Santiago',
        'Paredes',
        3289012345,
        'santiagoparedes@gmail.com',
        'santiagoparedes',
        '$2a$12$P64xH52xFRSGsqJBrZhu9uZlGS366Zudy96eM4CPMzqmNHyQXFeom',
        true,
        true,
        true,
        true,
        'ACTIVE'),

       (25,
        741852963,
        'Lucía',
        'Peña',
        3290123456,
        'luciapeña@gmail.com',
        'luciapeña',
        '$2a$12$b7LyF4LTtdYJo1o.62pU0O8zxB6Nf57tE4253xAzORnBzMkhBw13W',
        true, true,
        true,
        true,
        'ACTIVE'),

       (26,
        1359724681,
        'Alejandro',
        'Salazar',
        3301234567,
        'alejandrosalazar@gmail.com',
        'alejandrosalazar',
        '$2a$12$zSFDek/.sK5872Ji3H6NqOuNIY2AzPlSVtQysm7N3jiLuUBBD04PO',
        true,
        true,
        true,
        true,
        'ACTIVE');

insert into clubs(club_administrator_id,
                  coach_id,
                  player_id,
                  name,
                  address,
                  phone_number,
                  enabled,
                  creation_date)
-- Club 1
values (2,
        7,
        12,
        'Club de Ajedrez Central',
        'Calle Principal 123',
        '1234567890',
        true,
        now()),

       -- Club 2
       (3,
        8,
        13,
        'Club de Ajedrez Torre Blanca',
        'Avenida Torre 456',
        '0987654321',
        true,
        now()),

       -- Club 3
       (4,
        9,
        14,
        'Club de Ajedrez Gambito',
        'Calle Gambito 789',
        '1122334455',
        true,
        now()),

       -- Club 4
       (5,
        10,
        15,
        'Club de Ajedrez Rey Negro',
        'Avenida Rey 101',
        '2233445566',
        true,
        now()),

       -- Club 5
       (6,
        11,
        16,
        'Club de Ajedrez Peón Dorado',
        'Calle Peón 202',
        '3344556677',
        true,
        now());

insert into club_administrators(id, club_id)
values (2, 1),
       (3, 2),
       (4, 3),
       (5, 4),
       (6, 5);

insert into coaches(id, club_id)
values (7, 1),
       (8, 2),
       (9, 3),
       (10, 4),
       (11, 5);

insert into players(id, club_id)
values (12, 1),
       (13, 2),
       (14, 3),
       (15, 4),
       (16, 5),
       (17, 1),
       (18, 2),
       (19, 3),
       (20, 4),
       (21, 5);

insert into roles (name)
values ('ROLE_ADMIN'),
       ('ROLE_CLUB_ADMIN'),
       ('ROLE_COACH'),
       ('ROLE_PLAYER'),
       ('ROLE_USER');

insert into authorities (name)
values ('AUTHORITY_VIEW_ALL'),
       ('AUTHORITY_MANAGE_MEMBERS'),
       ('AUTHORITY_MANAGE_CLUB'),
       ('AUTHORITY_VIEW_MEMBERS'),
       ('AUTHORITY_MANAGE_TRAINING'),
       ('AUTHORITY_VIEW_PROFILE'),
       ('AUTHORITY_VIEW_TOURNAMENTS'),
       ('AUTHORITY_READ'),
       ('AUTHORITY_WRITE');

insert into users_roles (user_id, role_id)
-- Administrador del sistema
values (1, 1),

       -- Administradores de clubes
       (2, 2),
       (3, 2),
       (4, 2),
       (5, 2),
       (6, 2),

       -- Entrenadores
       (7, 3),
       (8, 3),
       (9, 3),
       (10, 3),
       (11, 3),

       -- Jugadores
       (12, 4),
       (13, 4),
       (14, 4),
       (15, 4),
       (16, 4),
       (17, 4),
       (18, 4),
       (19, 4),
       (20, 4),
       (21, 4),

       -- Usuarios (todos)
       (1, 5),
       (2, 5),
       (3, 5),
       (4, 5),
       (5, 5),
       (6, 5),
       (7, 5),
       (8, 5),
       (9, 5),
       (10, 5),
       (11, 5),
       (12, 5),
       (13, 5),
       (14, 5),
       (15, 5),
       (16, 5),
       (17, 5),
       (18, 5),
       (19, 5),
       (20, 5),
       (21, 5),
       (22, 5),
       (23, 5),
       (24, 5),
       (25, 5),
       (26, 5);

insert into roles_authorities (role_id, authority_id)
values (1, 1),
       (1, 2),
       (1, 3),
       (1, 4),
       (1, 5),
       (1, 6),
       (1, 7),
       (1, 9),

       (2, 2),
       (2, 3),
       (2, 4),
       (2, 5),
       (2, 6),
       (2, 7),
       (2, 9),

       (3, 5),
       (3, 6),
       (3, 7),

       (4, 6),
       (4, 7),

       (5, 8);

insert into events(id, name, description, location, start_date, end_date, event_visibility, maximum_participants)
values (1, 'Torneo Montería 2024', 'Gran torneo abierto de ajedrez en Montería', 'Montería',
        '2025-05-15 09:00:00', '2025-05-15 13:00:00', 'PUBLIC', 50),

       (2, 'Copa Ciudad Montería', 'Competencia interclubes de ajedrez', 'Montería',
        '2025-05-20 10:00:00', '2025-05-20 15:00:00', 'PUBLIC', 64),

       (3, 'Entrenamiento Avanzado', 'Entrenamiento especial para jugadores avanzados', 'Montería',
        '2025-05-20 15:00:00', '2025-05-20 17:00:00', 'PRIVATE', 6),

       (4, 'Clínica de Tácticas', 'Sesión de táctica y cálculo para principiantes', 'Montería',
        '2025-05-01 16:00:00', '2025-05-01 18:00:00', 'PRIVATE', 7);

insert into tournaments(id)
values (1),
       (2);

insert into trainings(id)
values (3),
       (4);

insert into players_events(player_id, event_id)
values (12, 1),
       (12, 2),
       (13, 2),
       (14, 3),
       (15, 4),
       (16, 4);

# Habilita las comprobaciones de claves foráneas de nuevo para evitar errores al crear tablas
set foreign_key_checks = 1;